num_shots,avg_all
1,55.9504
2,62.41096
4,67.66776000000002
8,73.32521
16,76.34906999999999
